Hospital Name,URL
Andaman And Nicobar Islands,https://www.medindia.net/patients/hospital_search/hospitals-andaman-and-nicobar-islands.htm
Andhra Pradesh,https://www.medindia.net/patients/hospital_search/hospitals-andhra-pradesh.htm
Arunachal Pradesh,https://www.medindia.net/patients/hospital_search/hospitals-arunachal-pradesh.htm
Assam,https://www.medindia.net/patients/hospital_search/hospitals-assam.htm
Bihar,https://www.medindia.net/patients/hospital_search/hospitals-bihar.htm
Chandigarh,https://www.medindia.net/patients/hospital_search/hospitals-chandigarh.htm
Chhattisgarh,https://www.medindia.net/patients/hospital_search/hospitals-chhattisgarh.htm
Dadra And Nagar Haveli,https://www.medindia.net/patients/hospital_search/hospitals-dadra-and-nagar-haveli.htm
Daman And Diu,https://www.medindia.net/patients/hospital_search/hospitals-daman-and-diu.htm
Delhi,https://www.medindia.net/patients/hospital_search/hospitals-delhi.htm
Goa,https://www.medindia.net/patients/hospital_search/hospitals-goa.htm
Gujarat,https://www.medindia.net/patients/hospital_search/hospitals-gujarat.htm
Haryana,https://www.medindia.net/patients/hospital_search/hospitals-haryana.htm
Himachal Pradesh,https://www.medindia.net/patients/hospital_search/hospitals-himachal-pradesh.htm
Jammu And Kashmir,https://www.medindia.net/patients/hospital_search/hospitals-jammu-and-kashmir.htm
Jharkhand,https://www.medindia.net/patients/hospital_search/hospitals-jharkhand.htm
Karnataka,https://www.medindia.net/patients/hospital_search/hospitals-karnataka.htm
Kerala,https://www.medindia.net/patients/hospital_search/hospitals-kerala.htm
Lakshadweep,https://www.medindia.net/patients/hospital_search/hospitals-lakshadweep.htm
Madhya Pradesh,https://www.medindia.net/patients/hospital_search/hospitals-madhya-pradesh.htm
Maharashtra,https://www.medindia.net/patients/hospital_search/hospitals-maharashtra.htm
Manipur,https://www.medindia.net/patients/hospital_search/hospitals-manipur.htm
Meghalaya,https://www.medindia.net/patients/hospital_search/hospitals-meghalaya.htm
Mizoram,https://www.medindia.net/patients/hospital_search/hospitals-mizoram.htm
Nagaland,https://www.medindia.net/patients/hospital_search/hospitals-nagaland.htm
Odisha,https://www.medindia.net/patients/hospital_search/hospitals-odisha.htm
Pondicherry,https://www.medindia.net/patients/hospital_search/hospitals-pondicherry.htm
Puducherry,https://www.medindia.net/patients/hospital_search/hospitals-puducherry.htm
Punjab,https://www.medindia.net/patients/hospital_search/hospitals-punjab.htm
Rajasthan,https://www.medindia.net/patients/hospital_search/hospitals-rajasthan.htm
Sikkim,https://www.medindia.net/patients/hospital_search/hospitals-sikkim.htm
Tamil Nadu,https://www.medindia.net/patients/hospital_search/hospitals-tamil-nadu.htm
Telangana,https://www.medindia.net/patients/hospital_search/hospitals-telangana.htm
Tripura,https://www.medindia.net/patients/hospital_search/hospitals-tripura.htm
Uttar Pradesh,https://www.medindia.net/patients/hospital_search/hospitals-uttar-pradesh.htm
Uttarakhand,https://www.medindia.net/patients/hospital_search/hospitals-uttarakhand.htm
West Bengal,https://www.medindia.net/patients/hospital_search/hospitals-west-bengal.htm
